BEGIN TRANSACTION;
CREATE TABLE category (id integer primary key not null, name varchar(100), position int, image text, icon text, show_menu char(1), description TEXT, link text);
INSERT INTO category VALUES(1,'Artigos',1,NULL,NULL,'Y','Grandes artigos',NULL);
INSERT INTO category VALUES(2,'Eventos',2,'app/images/categories/2/events.jpg',NULL,'Y','Os melhores eventos estão aqui',NULL);
INSERT INTO category VALUES(3,'Arquivos',3,'app/images/categories/3/download.jpg',NULL,'Y','Nossos arquivos',NULL);
INSERT INTO category VALUES(4,'Contato',5,NULL,NULL,'Y',NULL,NULL);
INSERT INTO category VALUES(5,'Loja',4,NULL,NULL,'Y',NULL,'loja');
INSERT INTO category VALUES(6,NULL,NULL,'app/images/categories//1565182814457.jpg',NULL,NULL,NULL,NULL);
INSERT INTO category VALUES(7,'Teste',7,'app/images/categories/7/cover_top10_2400px_web-scaled.jpg',NULL,'Y','Isso é um teste',NULL);
CREATE TABLE media (id integer primary key not null, name text, type text, code text, url text, author text);
INSERT INTO media VALUES(1,'Teste Youtube','youtube','VcX_bPhdCes',NULL,'Pablo');
INSERT INTO media VALUES(2,'Teste Flickr','flickr','cctec2015','https://www.flickr.com/photos/142134654@N06/albums/72157667336652492','Pablo');
INSERT INTO media VALUES(3,'Teste Slideshare','slideshare','feVGZjtKjuFtDC',NULL,'Pablo');
CREATE TABLE block (id int, name text, title text, content text);
INSERT INTO block VALUES(1,'block1','Block test 1','<p><span style="background-color: rgb(255, 0, 255); color: rgb(255, 255, 255);" rgb(255,="" 255,="" 0);=""><b style="">Block test 1</b></span></p>');
INSERT INTO block VALUES(2,'block2','Block test 2','<p><b><i><u>Block test 2</u></i></b><br></p>');
INSERT INTO block VALUES(3,'block3','Bloco 3','<p><span style="font-weight: bold; background-color: rgb(255, 255, 0);">block3...</span></p>');
INSERT INTO block VALUES(4,'sobre','Sobre','<div class="widget-container widget-about">\r\n<a href="post.html"><img src="images/author.jpg" alt=""></a>\r\n<h4>Meu nome</h4>\r\n<div class="author-title">Designer</div>\r\n<p>Aqui vai a descrição do autor, bla bla bla. Bla bla bla bla bla bla bla.</p>\r\n</div>');
INSERT INTO block VALUES(5,'canais','Canais','<div class="widget-container">\r\n<div class="widget-socials">\r\n	<a href="https://facebook.com"><i class="fa fa-facebook"></i></a>\r\n	<a href="https://twitter.com"><i class="fa fa-twitter"></i></a>\r\n	<a href="#"><i class="fa fa-instagram"></i></a>\r\n	<a href="#"><i class="fa fa-google-plus"></i></a>\r\n	<a href="#"><i class="fa fa-dribbble"></i></a>\r\n	<a href="#"><i class="fa fa-reddit"></i></a>\r\n</div>\r\n</div>');
CREATE TABLE post (id integer primary key not null, title text, subtitle text, content text, login text, post_date date, tags text, image text, category_id integer references category(id), media_id integer references media(id));
INSERT INTO post VALUES(1,'Ambientes incríveis','Como criar ambientes funcionais e ao mesmo tempo com uma grande estética','<p>Lorem ipsum accumsan taciti enim nunc volutpat imperdiet a cubilia porttitor eget semper, donec curabitur mattis porttitor ut ac pharetra cubilia venenatis ullamcorper cubilia. bibendum cubilia amet sagittis nibh aptent magna purus aenean tortor, donec blandit viverra orci fermentum est sollicitudin neque, blandit sodales sit eros condimentum placerat et sed. suspendisse gravida risus a porttitor quam sit maecenas luctus senectus fermentum, a mi euismod faucibus a nam facilisis pharetra dictumst ornare, facilisis ad nisl ornare orci sagittis rhoncus pulvinar ipsum. hendrerit platea ipsum non quis at in erat tortor bibendum, class turpis magna sociosqu elementum ac sem euismod, commodo fermentum litora vel risus sociosqu duis dictum.&nbsp;</p><p>Lists:</p><ol><li>One</li><li>Two</li><li>Tree</li></ol><p>Bullets:</p><ul><li>One</li><li>Two</li><li>Tree</li></ul><p>Table:</p><table class="table table-bordered"><tbody><tr><td><b>Column 1</b></td><td><b>Column 2</b><br></td><td><b>Column 3</b><br></td></tr><tr><td>111</td><td>222</td><td>333</td></tr></tbody></table><p><br></p><p><br></p>','admin','2018-02-01','marcenaria,ambientes','app/images/posts/1-room.jpg',1,NULL);
INSERT INTO post VALUES(2,'Organizando a oficina','Como criar um ambiente prático para aumentar a agilidade','<p><br></p><p>Lorem ipsum accumsan taciti enim nunc volutpat imperdiet a cubilia porttitor eget semper, donec curabitur mattis porttitor ut ac pharetra cubilia venenatis ullamcorper cubilia. bibendum cubilia amet sagittis nibh aptent magna purus aenean tortor, donec blandit viverra orci fermentum est sollicitudin neque, blandit sodales sit eros condimentum placerat et sed. suspendisse gravida risus a porttitor quam sit maecenas luctus senectus fermentum, a mi euismod faucibus a nam facilisis pharetra dictumst ornare, facilisis ad nisl ornare orci sagittis rhoncus pulvinar ipsum. hendrerit platea ipsum non quis at in erat tortor bibendum, class turpis magna sociosqu elementum ac sem euismod, commodo fermentum litora vel risus sociosqu duis dictum.&nbsp;</p><p>Lists:</p><ol><li>One</li><li>Two</li><li>Tree</li></ol><p>Bullets:</p><ul><li>One</li><li>Two</li><li>Tree</li></ul><p>Table:</p><table class="table table-bordered"><tbody><tr><td><b>Column 1</b></td><td><b>Column 2</b><br></td><td><b>Column 3</b><br></td></tr><tr><td>111</td><td>222</td><td>333</td></tr></tbody></table><p><br></p><p><br></p>','admin','2018-02-02','marcenaria,oficina','app/images/posts/2-atelier.jpg',1,NULL);
INSERT INTO post VALUES(3,'Projeto e execução móveis','Dicas de profissionais sobre projeto e execução, minimize os erros','<p><br></p><p>Lorem ipsum accumsan taciti enim nunc volutpat imperdiet a cubilia porttitor eget semper, donec curabitur mattis porttitor ut ac pharetra cubilia venenatis ullamcorper cubilia. bibendum cubilia amet sagittis nibh aptent magna purus aenean tortor, donec blandit viverra orci fermentum est sollicitudin neque, blandit sodales sit eros condimentum placerat et sed. suspendisse gravida risus a porttitor quam sit maecenas luctus senectus fermentum, a mi euismod faucibus a nam facilisis pharetra dictumst ornare, facilisis ad nisl ornare orci sagittis rhoncus pulvinar ipsum. hendrerit platea ipsum non quis at in erat tortor bibendum, class turpis magna sociosqu elementum ac sem euismod, commodo fermentum litora vel risus sociosqu duis dictum.&nbsp;</p><p>Lists:</p><ol><li>One</li><li>Two</li><li>Tree</li></ol><p>Bullets:</p><ul><li>One</li><li>Two</li><li>Tree</li></ul><p>Table:</p><table class="table table-bordered"><tbody><tr><td><b>Column 1</b></td><td><b>Column 2</b><br></td><td><b>Column 3</b><br></td></tr><tr><td>111</td><td>222</td><td>333</td></tr></tbody></table><p><br></p><p><br></p>','user','2018-02-03','marcenaria,dicas','app/images/posts/3-working.jpg',1,NULL);
INSERT INTO post VALUES(4,'Ferramentas indispensáveis','Ferramentas para corte, perfuração, gabaritos, o que você deve ter','<p><br></p><p>Lorem ipsum accumsan taciti enim nunc volutpat imperdiet a cubilia porttitor eget semper, donec curabitur mattis porttitor ut ac pharetra cubilia venenatis ullamcorper cubilia. bibendum cubilia amet sagittis nibh aptent magna purus aenean tortor, donec blandit viverra orci fermentum est sollicitudin neque, blandit sodales sit eros condimentum placerat et sed. suspendisse gravida risus a porttitor quam sit maecenas luctus senectus fermentum, a mi euismod faucibus a nam facilisis pharetra dictumst ornare, facilisis ad nisl ornare orci sagittis rhoncus pulvinar ipsum. hendrerit platea ipsum non quis at in erat tortor bibendum, class turpis magna sociosqu elementum ac sem euismod, commodo fermentum litora vel risus sociosqu duis dictum.&nbsp;</p><p>Lists:</p><ol><li>One</li><li>Two</li><li>Tree</li></ol><p>Bullets:</p><ul><li>One</li><li>Two</li><li>Tree</li></ul><p>Table:</p><table class="table table-bordered"><tbody><tr><td><b>Column 1</b></td><td><b>Column 2</b><br></td><td><b>Column 3</b><br></td></tr><tr><td>111</td><td>222</td><td>333</td></tr></tbody></table><p><br></p><p><br></p>','user','2018-02-04','marcenaria,ferramentas','app/images/posts/4-tools.jpg',1,NULL);
INSERT INTO post VALUES(5,'Oficina do bairro','Evento comunitário','<p>Lorem ipsum accumsan taciti enim nunc volutpat imperdiet a cubilia porttitor eget semper, donec curabitur mattis porttitor ut ac pharetra cubilia venenatis ullamcorper cubilia. bibendum cubilia amet sagittis nibh aptent magna purus aenean tortor, donec blandit viverra orci fermentum est sollicitudin neque, blandit sodales sit eros condimentum placerat et sed. suspendisse gravida risus a porttitor quam sit maecenas luctus senectus fermentum, a mi euismod faucibus a nam facilisis pharetra dictumst ornare, facilisis ad nisl ornare orci sagittis rhoncus pulvinar ipsum. hendrerit platea ipsum non quis at in erat tortor bibendum, class turpis magna sociosqu elementum ac sem euismod, commodo fermentum litora vel risus sociosqu duis dictum.&nbsp;</p><p>Lists:</p><ol><li>One</li><li>Two</li><li>Tree</li></ol><p>Bullets:</p><ul><li>One</li><li>Two</li><li>Tree</li></ul><p>Table:</p><table class="table table-bordered"><tbody><tr><td><b>Column 1</b></td><td><b>Column 2</b><br></td><td><b>Column 3</b><br></td></tr><tr><td>111</td><td>222</td><td>333</td></tr></tbody></table><p><br></p><p><br></p>','admin','2018-02-05','oficina,marcenaria','app/images/posts/5-shed.jpg',2,NULL);
INSERT INTO post VALUES(6,'Simpósio internacional de Marcenaria','O principal evento do mundo','<p>Lorem ipsum accumsan taciti enim nunc volutpat imperdiet a cubilia porttitor eget semper, donec curabitur mattis porttitor ut ac pharetra cubilia venenatis ullamcorper cubilia. bibendum cubilia amet sagittis nibh aptent magna purus aenean tortor, donec blandit viverra orci fermentum est sollicitudin neque, blandit sodales sit eros condimentum placerat et sed. suspendisse gravida risus a porttitor quam sit maecenas luctus senectus fermentum, a mi euismod faucibus a nam facilisis pharetra dictumst ornare, facilisis ad nisl ornare orci sagittis rhoncus pulvinar ipsum. hendrerit platea ipsum non quis at in erat tortor bibendum, class turpis magna sociosqu elementum ac sem euismod, commodo fermentum litora vel risus sociosqu duis dictum.&nbsp;</p><p>Lists:</p><ol><li>One</li><li>Two</li><li>Tree</li></ol><p>Bullets:</p><ul><li>One</li><li>Two</li><li>Tree</li></ul><p>Table:</p><table class="table table-bordered"><tbody><tr><td><b>Column 1</b></td><td><b>Column 2</b><br></td><td><b>Column 3</b><br></td></tr><tr><td>111</td><td>222</td><td>333</td></tr></tbody></table><p><br></p><p><br></p>','admin','2018-02-06','simpósio,marcenaria','app/images/posts/6-simposium.jpg',2,NULL);
INSERT INTO post VALUES(7,'Oficina do Joao','Aprendendo com o Marceneiro João','<p>Lorem ipsum accumsan taciti enim nunc volutpat imperdiet a cubilia porttitor eget semper, donec curabitur mattis porttitor ut ac pharetra cubilia venenatis ullamcorper cubilia. bibendum cubilia amet sagittis nibh aptent magna purus aenean tortor, donec blandit viverra orci fermentum est sollicitudin neque, blandit sodales sit eros condimentum placerat et sed. suspendisse gravida risus a porttitor quam sit maecenas luctus senectus fermentum, a mi euismod faucibus a nam facilisis pharetra dictumst ornare, facilisis ad nisl ornare orci sagittis rhoncus pulvinar ipsum. hendrerit platea ipsum non quis at in erat tortor bibendum, class turpis magna sociosqu elementum ac sem euismod, commodo fermentum litora vel risus sociosqu duis dictum.&nbsp;</p><p>Lists:</p><ol><li>One</li><li>Two</li><li>Tree</li></ol><p>Bullets:</p><ul><li>One</li><li>Two</li><li>Tree</li></ul><p>Table:</p><table class="table table-bordered"><tbody><tr><td><b>Column 1</b></td><td><b>Column 2</b><br></td><td><b>Column 3</b><br></td></tr><tr><td>111</td><td>222</td><td>333</td></tr></tbody></table><p><br></p><p><br></p>','admin','2018-02-07','marcenaria,oficina','app/images/posts/7-factory.jpg',2,NULL);
INSERT INTO post VALUES(8,'Vídeo muito bom','vídeo','Vídeo a seguir:','admin','2018-02-08','manual','app/images/posts/8-132-f.jpg',3,1);
INSERT INTO post VALUES(9,'Slides incríveis','Slides','A seguir, slides:','admin','2018-02-09','manual','app/images/posts/9-127-designp.jpg',3,3);
INSERT INTO post VALUES(10,'Contato','Deixe sua mensagem','<h2>Mensagem</h2>\r\n<form-blog action="index.php?action=send_contact" method="POST">\r\n    <div class="form-group">\r\n        <textarea style="width:100%;min-height:250px" name="message" placeholder="Message"></textarea><br>\r\n        <br>\r\n        <button class="btn" btn-success="" type="submit">Enviar</button>\r\n    </div>\r\n</form-blog>\r\n','admin','2018-02-10',NULL,'app/images/posts/10-contact.jpg',4,NULL);
INSERT INTO post VALUES(11,'Post teste 1','teste 1','<p>1</p><p>2</p><p>3</p><p><br></p><table class="table table-bordered"><tbody><tr><td>asdf</td><td>asdf</td></tr><tr><td>asdf</td><td>asdf</td></tr><tr><td>asfd</td><td>asdf</td></tr></tbody></table><p><br></p>','admin','2021-07-13','pássaro,animais,natureza','app/images/posts/11/pedrinho.jpg',7,NULL);
INSERT INTO post VALUES(12,'Post teste 2','teste 2','<p>1</p><p>2</p><p>3</p>','admin','2021-07-13','decoração,plantas,jardim','app/images/posts/12/cerca-viva-39.jpg',7,NULL);
COMMIT;
